filename,words
10100.jpg,ঢাকা মেট্রো-ঘ 
10200.jpg,১৫-৫৬১৫
10800.jpg,৬৮-৬০১১
11100.jpg,ঢাকা মেট্রো-ল
11200.jpg,১২-১২১৬
11400.jpg,৪৬-২১৪০
11500.jpg,ঢাকা মেট্রো-গ
11600.jpg,৪৫-৮৮৪৯
11700.jpg,ঢাকা মেট্রো-খ
11800.jpg,১৩-০১০৬
12900.jpg,পাবনা-হ
13000.jpg,১২-৯৬৩৫
13300.jpg,ঢাকা মেট্রো-গ
13400.jpg,৩৪-৯৬১৮
13500.jpg,ঢাকা মেট্রো-গ
13600.jpg,৩৪-০৯৭৫
14000.jpg,১২-৭৭৮৭
14900.jpg,ঢাকা মেট্রো-ভ
15000.jpg,১২-০০৪০
15200.jpg,১২-০৯৯৩
15600.jpg,৬৯-৬৯৮৪
15700.jpg,ঢাকা মেট্রো-হ
15800.jpg,৬৯-৬৯৮৪
16000.jpg,১২-১১২২
17100.jpg,ঢাকা মেট্রো-গ
17200.jpg,২১-৯১৪৯
17300.jpg,ঢাকা মেট্রো-গ
17400.jpg,৪২-৮৭৫৯
17500.jpg,ঢাকা মেট্রো-খ
17600.jpg,১২-৩৪৮০
17700.jpg,ঢাকা মেট্রো-গ
17800.jpg,৩৫-৫১২২
17900.jpg,ঢাকা মেট্রো-ল
18000.jpg,৩৪-৩৭৯৬
18100.jpg,ঢাকা মেট্রো-ল
18200.jpg,১৯-৪৮৭২
18300.jpg,ঢাকা মেট্রো-গ
18400.jpg,১৯-৪৮৭২
19000.jpg,২২-৪১৯৯
19300.jpg,ঢাকা মেট্রো-ছ
19400.jpg,৬২-০১৮৮
19500.jpg,ঢাকা মেট্রো-গ
19600.jpg,১৬-১৬৮১
19700.jpg,ঢাকা মেট্রো-ঘ 
19800.jpg,১৩-৪২৯২
19900.jpg,ঢাকা মেট্রো-গ
20000.jpg,২০-২৫৮৩
20100.jpg,ঢাকা মেট্রো-গ
20200.jpg,২৮-০৭৪২
20300.jpg,ঢাকা মেট্রো-গ
20400.jpg,২৬-৫৯৪৬
20500.jpg,ঢাকা মেট্রো-গ
20600.jpg,২৭-৫৩৭০
20700.jpg,ঢাকা মেট্রো-গ
20800.jpg,৪৯-১৬৬৮
20900.jpg,ঢাকা মেট্রো-গ
21000.jpg,২৯-১২৮৫
21300.jpg,ঢাকা মেট্রো-খ
21400.jpg,১২-৫২৫৯
21500.jpg,ঢাকা মেট্রো-চ
21600.jpg,১১-৬৯৭৮
21700.jpg,ঢাকা মেট্রো-ঘ 
21800.jpg,১৮-৫২৬৮
21900.jpg,ঢাকা মেট্রো-গ
22000.jpg,২৭-৮৩৫২
22100.jpg,ঢাকা মেট্রো-গ
22200.jpg,৩৩-৮৬২৭
22300.jpg,ঢাকা-দ
22400.jpg,১১-০২২০
22600.jpg,২৫-৮৫০০
23600.jpg,৩১-০৩৫২
23900.jpg,ঢাকা মেট্রো-ঘ 
24000.jpg,১৫-৩২১৭
24100.jpg,ঢাকা মেট্রো-গ
24200.jpg,৩৫-০২৫১
24300.jpg,ঢাকা মেট্রো-ঘ 
24400.jpg,১৭-১০০৮
24500.jpg,ঢাকা মেট্রো-চ
24600.jpg,৫৬-৬৪৫৫
24700.jpg,ঢাকা মেট্রো-গ
24800.jpg,২৮-৭৩২৪
24900.jpg,ঢাকা মেট্রো-ছ
25000.jpg,৭১-৩১৫৪
25100.jpg,ঢাকা মেট্রো-গ
25900.jpg,ঢাকা মেট্রো-ছ
26000.jpg,৭১-৪৪৫৩
26100.jpg,ঢাকা মেট্রো-গ
26200.jpg,২৬-৪১৬৩
26300.jpg,ঢাকা মেট্রো-গ
26400.jpg,২২-৫৬৯৭
26700.jpg,ঢাকা মেট্রো-শ
26800.jpg,১১-১৮০৮
27200.jpg,৭১-০০০৭
27300.jpg,ঢাকা মেট্রো-ঠ
27400.jpg,১৩-৫৭৯২
27500.jpg,ঢাকা মেট্রো-অ
27600.jpg,১৪-২২১৭
27700.jpg,ঢাকা মেট্রো-হ
27800.jpg,৭১-৯৮২০
27900.jpg,ঢাকা মেট্রো-ঘ 
28000.jpg,১৫-৪১২৯
28100.jpg,ঢাকা মেট্রো-ঘ 
28200.jpg,১৫-৮৫১৪
28700.jpg,ঢাকা মেট্রো-গ
28800.jpg,৩৪-৩৬৫৬
28900.jpg,ঢাকা মেট্রো-ঘ 
29000.jpg,১৫-৪১২৯
29100.jpg,ঢাকা মেট্রো-গ
29200.jpg,২৫-১৪৪২
29300.jpg,ঢাকা মেট্রো-গ
29400.jpg,৪২-৩৯৫৭
29500.jpg,চট্ট মেট্রো - গ
29600.jpg,১৩-৪৩৪২
29700.jpg,ঢাকা মেট্রো-ব
29800.jpg,১৫-৬২৭৮
30100.jpg,নরসিংদী-ল
30200.jpg,১১-০৯৫৪
30300.jpg,ঢাকা মেট্রো-ল
30400.jpg,৩৭-৭০১৬
30500.jpg,ঢাকা মেট্রো-ল
30600.jpg,৪৭-১৮৫৯
1.jpg,ঢাকা মেট্রো - চ 
2.jpg,১৪-০৯৯৪
3.jpg,ঢাকা মেট্রো - গ
4.jpg,৪৭-২৮০৬
5.jpg,ঢাকা মেট্রো - চ
6.jpg,১৪-০৯৯৪
13.jpg,ঢাকা মেট্রো - ল
14.jpg,৪৪-৯৯৪৯
15.jpg,ঢাকা মেট্রো - গ
16.jpg,২২-১৩৪০
21.jpg,ঢাকা মেট্রো- গ
22.jpg,২০-৮৪১৮
23.jpg,ঢাকা মেট্রো- হ
24.jpg,৬১-৪১১৯
25.jpg,ঢাকা মেট্রো- গ
26.jpg,৪৭-৭৯০১
27.jpg,ঢাকা মেট্রো- গ
28.jpg,৩৭-৩৭৩২
31.jpg,ঢাকা মেট্রো-চ
32.jpg,৫৪-২০১৯
39.jpg,ঢাকা মেট্রো- ঘ 
40.jpg,১৩-১২২৬
44.jpg,৭১-১৭৮০
46.jpg,৪৭-০১৭১
49.jpg,ঢাকা মেট্রো - হ
50.jpg,৫০-৯৯৩৬
51.jpg,ঢাকা মেট্রো- হ
52.jpg,৫০ - ৩৫৩৩
53.jpg,নারায়ণগঞ্জ-ভ
54.jpg,০২-০২২৮
57.jpg,ঢাকা মেট্রো- গ
58.jpg,২৭ - ৭৫৭০
63.jpg,ঢাকা মেট্রো- গ
64.jpg,১৫ - ১১৭৯
65.jpg,ঢাকা মেট্রো- গ
66.jpg,১৫ - ১১৭৯
67.jpg,ঢাকা মেট্রো- গ
68.jpg,৩৪-৯৪৬৪
70.jpg,১৩-৭০৮৪
71.jpg,ঢাকা মেট্রো- চ
72.jpg,৫২-০৫২২
73.jpg,ঢাকা মেট্রো- গ
75.jpg,ঢাকা মেট্রো- গ
77.jpg,ঢাকা মেট্রো- চ
78.jpg,২০-৪৮৭২
93.jpg,ঢাকা মেট্রো- গ
94.jpg,৩৫-৬৭৩৭
99.jpg,ঢাকা মেট্রো- ঘ
100.jpg,১৩-৩৩৩৯
101.jpg,ঢাকা মেট্রো- গ
102.jpg,১৯-৯২৬৬
103.jpg,ঢাকা মেট্রো- গ
104.jpg,২৬-২৬৬৭
107.jpg,ঢাকা মেট্রো- গ
108.jpg,২৭-৬১০৬
109.jpg,ঢাকা মেট্রো- গ
110.jpg,২৬-৭৩১০
114.jpg,২২-১৪৭৮
116.jpg,৪১-২৩৩৫
117.jpg,ঢাকা মেট্রো- হ
118.jpg,৭১-২৭৩৮
119.jpg,ঢাকা মেট্রো- গ
120.jpg,৪৭-০৮৯৯
121.jpg,ঢাকা মেট্রো- গ
122.jpg,৩৭-১৩৫৮
123.jpg,ঢাকা মেট্রো- গ
124.jpg,৩৭-৫৭০২
127.jpg,ঢাকা মেট্রো- হ
128.jpg,২৮-০২২৩
137.jpg,ঢাকা মেট্রো- গ
138.jpg,৩৪-৫৮৭১
139.jpg,ঢাকা মেট্রো- গ
140.jpg,৩৩-০০২৭
141.jpg,ঢাকা মেট্রো- চ
142.jpg,১৫-৬১৪৭
143.jpg,ঢাকা মেট্রো- চ
144.jpg,১৫-৬১৪৭
149.jpg,ঢাকা মেট্রো- গ
150.jpg,৩৯-৯২৫৮
160.jpg,২১-১০২
161.jpg,ঢাকা মেট্রো- ঘ
162.jpg,২১-১০২৮
169.jpg,ঢাকা মেট্রো- গ
170.jpg,৪২-৮০২১
171.jpg,ঢাকা মেট্রো- ল
172.jpg,৫২-৮৪৩২
176.jpg,৬২-৬১৩১
177.jpg,ঢাকা মেট্রো- গ
178.jpg,৪২-২৬৭৩
179.jpg,ঢাকা মেট্রো- ঘ
180.jpg,২১-৯৪০৪
187.jpg,কুমিল্লা- ল
188.jpg,১২-৯০৭৮
189.jpg,ঢাকা মেট্রো- ঘ
190.jpg,১২-১৯৩৪ 
193.jpg,ঢাকা মেট্রো- চ
194.jpg,১৯-৭৯৬০
195.jpg,ঢাকা মেট্রো- গ
196.jpg,১৪-১৪২৫
199.jpg,ঢাকা মেট্রো- ঘ
200.jpg,১৭-৬৬০৪
201.jpg,ঢাকা মেট্রো- খ
202.jpg,১৩-১৯৫০
203.jpg,ঢাকা মেট্রো- গ
204.jpg,২০-২৫১৯
205.jpg,ঢাকা মেট্রো- গ
206.jpg,৩৬-৫৯৪৪
207.jpg,চট্ট মেট্রো- গ
208.jpg,১২-২১৯৩
209.jpg,ঢাকা মেট্রো- চ
210.jpg,২০-০৬৬১
211.jpg,ঢাকা মেট্রো- গ
212.jpg,২৮-৬৯৪৮
213.jpg,ঢাকা মেট্রো- ঝ
214.jpg,১১-০২৪১
215.jpg,ঢাকা মেট্রো- ঝ
216.jpg,১১-০২৪১
219.jpg,ঢাকা মেট্রো- গ
220.jpg,২৫-৯৮৯৪
221.jpg,ঢাকা মেট্রো- ঘ
222.jpg,১৫-১০৭২
223.jpg,ঢাকা মেট্রো- গ
224.jpg,২৭-৬৯৯৯
225.jpg,ঢাকা মেট্রো- গ
226.jpg,৪৩-৭৩৭৭
227.jpg,ঢাকা মেট্রো- হ
228.jpg,৭০-৬৬১৩
229.jpg,ঢাকা মেট্রো- ঘ
230.jpg,১৫-৩৩৯৩
231.jpg,ঢাকা মেট্রো- গ
232.jpg,২২-৬৪৩৪
233.jpg,ঢাকা মেট্রো- হ
234.jpg,৫৭-৬৩৯৫
235.jpg,ঢাকা মেট্রো- ল
236.jpg,৩৭-৭৫১৩
237.jpg,ঢাকা মেট্রো- হ
238.jpg,৬৪-৭৯৩১
239.jpg,ঢাকা মেট্রো- ল
240.jpg,২৪-৩৯২৬
243.jpg,ঢাকা মেট্রো- হ
244.jpg,৫৮-৩৫৮৪
261.jpg,ঢাকা মেট্রো- চ
262.jpg,২০-১৯৬৪
265.jpg,ঢাকা মেট্রো- ল
266.jpg,১৩-২১১৬
267.jpg,ঢাকা মেট্রো- চ
268.jpg,৫২-১৭৪৩
269.jpg,ঢাকা মেট্রো- গ
270.jpg,২০-২৭৫৬
275.jpg,ঢাকা মেট্রো- গ
276.jpg,২১-৩৩৩২
12345.jpg,২৭-৪৯৩০
209865.jpg,ঢাকা মেট্রো-হ
222210.jpg,৬৬-৪৭৪১
246900.jpg,৪৩-৯৮২৪
506145.jpg,ঢাকা মেট্রো-গ
518490.jpg,৩৯-৩৭৪৩
555525.jpg,ঢাকা মেট্রো-গ
567870.jpg,৪৫-৬৭৫১
629595.jpg,ঢাকা মেট্রো-গ
641940.jpg,২৩-৬৩৪০
666630.jpg,২০-২৪৭০
740700.jpg,Nov-৯৯০৬
814770.jpg,৩২-৭৭১৯
827115.jpg,ঢাকা মেট্রো-ক
839460.jpg,১২-০০৪০
864150.jpg,২৫-২০৮৫
925875.jpg,ঢাকা মেট্রো-গ
938220.jpg,৪৩-৫৫৪৩
950565.jpg,ঢাকা মেট্রো-গ
962910.jpg,৩১-৯১২৫
1123395.jpg,ঢাকা মেট্রো-গ
1135740.jpg,২৯-২০৭১
1148085.jpg,ঢাকা মেট্রো-গ
1160430.jpg,২০-৯১৭৩
1172775.jpg,ঢাকা মেট্রো-গ
1185120.jpg,৪৫-৭৭৪৭
1222155.jpg,ঢাকা মেট্রো-গ
1296225.jpg,ঢাকা মেট্রো-গ
1308570.jpg,৩৬-৩৮৩৯
1382640.jpg,৪৫-৮৯৫০
1481400.jpg,৩৬-০২২৪
1530780.jpg,২০-৬২২৮
1604850.jpg,ঢাকা মেট্রো-গ
1617195.jpg,২৯-১৪৮৩
1654230.jpg,ঢাকা মেট্রো-গ
1666575.jpg,৩৬-৩৬৪৪
1740645.jpg,ঢাকা মেট্রো-গ
1752990.jpg,৪৭-৭৮৫৮
1814715.jpg,২৫-৩০৬৪
1950510.jpg,ঢাকা মেট্রো-গ
1987545.jpg,২৯-৩০৫২
1999890.jpg,ঢাকা মেট্রো-গ
2012235.jpg,৩২-০৬৩৫
2073960.jpg,৫৬-২৬৫৫
2086305.jpg,ঢাকা মেট্রো-খ
2098650.jpg,১২-১১০৫
2135685.jpg,ঢাকা মেট্রো-গ
2160375.jpg,ঢাকা মেট্রো-ঘ
2172720.jpg,১৫-০৫০৩
2185065.jpg,১৩-৩৩৮৩
2197410.jpg,ঢাকা মেট্রো-গ
2209755.jpg,৪৭-২১৬৩
2222100.jpg,ঢাকা মেট্রো-গ
2234445.jpg,২৩-৮৯১২
2246790.jpg,ঢাকা মেট্রো-গ
2259135.jpg,২৯-৪৩১৯
2296170.jpg,ঢাকা মেট্রো-চ
2308515.jpg,১৫-১৭০৪
2320860.jpg,ঢাকা মেট্রো-গ
2333205.jpg,৩১-৮৯৯৭
2370240.jpg,ঢাকা মেট্রো-গ
2382585.jpg,৩৯-৩৭৪৩
2419620.jpg,ঢাকা মেট্রো-চ
2431965.jpg,১৯-৬৮২৬
2444310.jpg,ঢাকা মেট্রো-গ
2456655.jpg,২০-৫৩০৯
2469000.jpg,ঢাকা মেট্রো-ল
2481345.jpg,৫৮-৬৩৪৯
2543070.jpg,ঢাকা মেট্রো-ল
2555415.jpg,২১-৯৪৪২
2567760.jpg,ঢাকা মেট্রো-ঘ
2580105.jpg,১৫-৮৮৬৪
2592450.jpg,ঢাকা মেট্রো-ঘ
2604795.jpg,৩৪-২৮৬০
2617140.jpg,ঢাকা মেট্রো-গ
2641830.jpg,ঢাকা মেট্রো-ম
2654175.jpg,৫৫-১৫৮২
